[{"model": "accounts.user", "pk": 1, "fields": {"password": "", "last_login": null, "is_superuser": false, "username": "tom_hagen", "first_name": "Tom", "last_name": "Hagen", "email": "tom@hagen.com", "is_staff": true, "is_active": true, "date_joined": "2021-03-18T17:14:06.383Z", "groups": [], "user_permissions": []}}, {"model": "accounts.user", "pk": 2, "fields": {"password": "", "last_login": null, "is_superuser": false, "username": "luca_brasi", "first_name": "Luca", "last_name": "Brasi", "email": "luca@brasi.com", "is_staff": true, "is_active": true, "date_joined": "2021-03-18T17:14:06.390Z", "groups": [], "user_permissions": []}}, {"model": "accounts.user", "pk": 3, "fields": {"password": "", "last_login": null, "is_superuser": false, "username": "adam_nowak", "first_name": "Adam", "last_name": "Nowak", "email": "adam@nowak.com", "is_staff": false, "is_active": true, "date_joined": "2021-03-18T17:14:06.397Z", "groups": [], "user_permissions": []}}, {"model": "accounts.user", "pk": 4, "fields": {"password": "", "last_login": null, "is_superuser": false, "username": "jck_chmiel", "first_name": "Jacek", "last_name": "Chmiel", "email": "jck@chmiel.com", "is_staff": false, "is_active": true, "date_joined": "2021-03-18T17:14:06.404Z", "groups": [], "user_permissions": []}}, {"model": "accounts.user", "pk": 5, "fields": {"password": "pbkdf2_sha256$216000$hc3y9SftsHBf$h2k/Hbkn34J7/u6KQh8pol9asaC31Zv5eraj9ErXKRw=", "last_login": "2021-03-18T17:15:12.621Z", "is_superuser": true, "username": "admin", "first_name": "", "last_name": "", "email": "", "is_staff": true, "is_active": true, "date_joined": "2021-03-18T17:15:05.761Z", "groups": [], "user_permissions": []}}, {"model": "auth.permission", "pk": 1, "fields": {"name": "Can add user", "content_type": 1, "codename": "add_user"}}, {"model": "auth.permission", "pk": 2, "fields": {"name": "Can change user", "content_type": 1, "codename": "change_user"}}, {"model": "auth.permission", "pk": 3, "fields": {"name": "Can delete user", "content_type": 1, "codename": "delete_user"}}, {"model": "auth.permission", "pk": 4, "fields": {"name": "Can view user", "content_type": 1, "codename": "view_user"}}, {"model": "auth.permission", "pk": 5, "fields": {"name": "Can add log entry", "content_type": 2, "codename": "add_logentry"}}, {"model": "auth.permission", "pk": 6, "fields": {"name": "Can change log entry", "content_type": 2, "codename": "change_logentry"}}, {"model": "auth.permission", "pk": 7, "fields": {"name": "Can delete log entry", "content_type": 2, "codename": "delete_logentry"}}, {"model": "auth.permission", "pk": 8, "fields": {"name": "Can view log entry", "content_type": 2, "codename": "view_logentry"}}, {"model": "auth.permission", "pk": 9, "fields": {"name": "Can add permission", "content_type": 3, "codename": "add_permission"}}, {"model": "auth.permission", "pk": 10, "fields": {"name": "Can change permission", "content_type": 3, "codename": "change_permission"}}, {"model": "auth.permission", "pk": 11, "fields": {"name": "Can delete permission", "content_type": 3, "codename": "delete_permission"}}, {"model": "auth.permission", "pk": 12, "fields": {"name": "Can view permission", "content_type": 3, "codename": "view_permission"}}, {"model": "auth.permission", "pk": 13, "fields": {"name": "Can add group", "content_type": 4, "codename": "add_group"}}, {"model": "auth.permission", "pk": 14, "fields": {"name": "Can change group", "content_type": 4, "codename": "change_group"}}, {"model": "auth.permission", "pk": 15, "fields": {"name": "Can delete group", "content_type": 4, "codename": "delete_group"}}, {"model": "auth.permission", "pk": 16, "fields": {"name": "Can view group", "content_type": 4, "codename": "view_group"}}, {"model": "auth.permission", "pk": 17, "fields": {"name": "Can add content type", "content_type": 5, "codename": "add_contenttype"}}, {"model": "auth.permission", "pk": 18, "fields": {"name": "Can change content type", "content_type": 5, "codename": "change_contenttype"}}, {"model": "auth.permission", "pk": 19, "fields": {"name": "Can delete content type", "content_type": 5, "codename": "delete_contenttype"}}, {"model": "auth.permission", "pk": 20, "fields": {"name": "Can view content type", "content_type": 5, "codename": "view_contenttype"}}, {"model": "auth.permission", "pk": 21, "fields": {"name": "Can add session", "content_type": 6, "codename": "add_session"}}, {"model": "auth.permission", "pk": 22, "fields": {"name": "Can change session", "content_type": 6, "codename": "change_session"}}, {"model": "auth.permission", "pk": 23, "fields": {"name": "Can delete session", "content_type": 6, "codename": "delete_session"}}, {"model": "auth.permission", "pk": 24, "fields": {"name": "Can view session", "content_type": 6, "codename": "view_session"}}, {"model": "auth.permission", "pk": 25, "fields": {"name": "Can add category", "content_type": 7, "codename": "add_category"}}, {"model": "auth.permission", "pk": 26, "fields": {"name": "Can change category", "content_type": 7, "codename": "change_category"}}, {"model": "auth.permission", "pk": 27, "fields": {"name": "Can delete category", "content_type": 7, "codename": "delete_category"}}, {"model": "auth.permission", "pk": 28, "fields": {"name": "Can view category", "content_type": 7, "codename": "view_category"}}, {"model": "auth.permission", "pk": 29, "fields": {"name": "Can add manufacturer", "content_type": 8, "codename": "add_manufacturer"}}, {"model": "auth.permission", "pk": 30, "fields": {"name": "Can change manufacturer", "content_type": 8, "codename": "change_manufacturer"}}, {"model": "auth.permission", "pk": 31, "fields": {"name": "Can delete manufacturer", "content_type": 8, "codename": "delete_manufacturer"}}, {"model": "auth.permission", "pk": 32, "fields": {"name": "Can view manufacturer", "content_type": 8, "codename": "view_manufacturer"}}, {"model": "auth.permission", "pk": 33, "fields": {"name": "Can add product", "content_type": 9, "codename": "add_product"}}, {"model": "auth.permission", "pk": 34, "fields": {"name": "Can change product", "content_type": 9, "codename": "change_product"}}, {"model": "auth.permission", "pk": 35, "fields": {"name": "Can delete product", "content_type": 9, "codename": "delete_product"}}, {"model": "auth.permission", "pk": 36, "fields": {"name": "Can view product", "content_type": 9, "codename": "view_product"}}, {"model": "auth.permission", "pk": 37, "fields": {"name": "Can add image", "content_type": 10, "codename": "add_image"}}, {"model": "auth.permission", "pk": 38, "fields": {"name": "Can change image", "content_type": 10, "codename": "change_image"}}, {"model": "auth.permission", "pk": 39, "fields": {"name": "Can delete image", "content_type": 10, "codename": "delete_image"}}, {"model": "auth.permission", "pk": 40, "fields": {"name": "Can view image", "content_type": 10, "codename": "view_image"}}, {"model": "auth.permission", "pk": 41, "fields": {"name": "Can add contractor", "content_type": 11, "codename": "add_contractor"}}, {"model": "auth.permission", "pk": 42, "fields": {"name": "Can change contractor", "content_type": 11, "codename": "change_contractor"}}, {"model": "auth.permission", "pk": 43, "fields": {"name": "Can delete contractor", "content_type": 11, "codename": "delete_contractor"}}, {"model": "auth.permission", "pk": 44, "fields": {"name": "Can view contractor", "content_type": 11, "codename": "view_contractor"}}, {"model": "auth.permission", "pk": 45, "fields": {"name": "Can add note", "content_type": 12, "codename": "add_note"}}, {"model": "auth.permission", "pk": 46, "fields": {"name": "Can change note", "content_type": 12, "codename": "change_note"}}, {"model": "auth.permission", "pk": 47, "fields": {"name": "Can delete note", "content_type": 12, "codename": "delete_note"}}, {"model": "auth.permission", "pk": 48, "fields": {"name": "Can view note", "content_type": 12, "codename": "view_note"}}, {"model": "auth.permission", "pk": 49, "fields": {"name": "Can add store", "content_type": 13, "codename": "add_store"}}, {"model": "auth.permission", "pk": 50, "fields": {"name": "Can change store", "content_type": 13, "codename": "change_store"}}, {"model": "auth.permission", "pk": 51, "fields": {"name": "Can delete store", "content_type": 13, "codename": "delete_store"}}, {"model": "auth.permission", "pk": 52, "fields": {"name": "Can view store", "content_type": 13, "codename": "view_store"}}, {"model": "auth.permission", "pk": 53, "fields": {"name": "Can add shop", "content_type": 14, "codename": "add_shop"}}, {"model": "auth.permission", "pk": 54, "fields": {"name": "Can change shop", "content_type": 14, "codename": "change_shop"}}, {"model": "auth.permission", "pk": 55, "fields": {"name": "Can delete shop", "content_type": 14, "codename": "delete_shop"}}, {"model": "auth.permission", "pk": 56, "fields": {"name": "Can view shop", "content_type": 14, "codename": "view_shop"}}, {"model": "auth.permission", "pk": 57, "fields": {"name": "Can add note position", "content_type": 15, "codename": "add_noteposition"}}, {"model": "auth.permission", "pk": 58, "fields": {"name": "Can change note position", "content_type": 15, "codename": "change_noteposition"}}, {"model": "auth.permission", "pk": 59, "fields": {"name": "Can delete note position", "content_type": 15, "codename": "delete_noteposition"}}, {"model": "auth.permission", "pk": 60, "fields": {"name": "Can view note position", "content_type": 15, "codename": "view_noteposition"}}, {"model": "auth.permission", "pk": 61, "fields": {"name": "Can add advance invoice", "content_type": 16, "codename": "add_advanceinvoice"}}, {"model": "auth.permission", "pk": 62, "fields": {"name": "Can change advance invoice", "content_type": 16, "codename": "change_advanceinvoice"}}, {"model": "auth.permission", "pk": 63, "fields": {"name": "Can delete advance invoice", "content_type": 16, "codename": "delete_advanceinvoice"}}, {"model": "auth.permission", "pk": 64, "fields": {"name": "Can view advance invoice", "content_type": 16, "codename": "view_advanceinvoice"}}, {"model": "auth.permission", "pk": 65, "fields": {"name": "Can add invoice", "content_type": 17, "codename": "add_invoice"}}, {"model": "auth.permission", "pk": 66, "fields": {"name": "Can change invoice", "content_type": 17, "codename": "change_invoice"}}, {"model": "auth.permission", "pk": 67, "fields": {"name": "Can delete invoice", "content_type": 17, "codename": "delete_invoice"}}, {"model": "auth.permission", "pk": 68, "fields": {"name": "Can view invoice", "content_type": 17, "codename": "view_invoice"}}, {"model": "auth.permission", "pk": 69, "fields": {"name": "Can add receipt", "content_type": 18, "codename": "add_receipt"}}, {"model": "auth.permission", "pk": 70, "fields": {"name": "Can change receipt", "content_type": 18, "codename": "change_receipt"}}, {"model": "auth.permission", "pk": 71, "fields": {"name": "Can delete receipt", "content_type": 18, "codename": "delete_receipt"}}, {"model": "auth.permission", "pk": 72, "fields": {"name": "Can view receipt", "content_type": 18, "codename": "view_receipt"}}, {"model": "auth.permission", "pk": 73, "fields": {"name": "Can add payment", "content_type": 19, "codename": "add_payment"}}, {"model": "auth.permission", "pk": 74, "fields": {"name": "Can change payment", "content_type": 19, "codename": "change_payment"}}, {"model": "auth.permission", "pk": 75, "fields": {"name": "Can delete payment", "content_type": 19, "codename": "delete_payment"}}, {"model": "auth.permission", "pk": 76, "fields": {"name": "Can view payment", "content_type": 19, "codename": "view_payment"}}, {"model": "auth.permission", "pk": 77, "fields": {"name": "Can add worker", "content_type": 20, "codename": "add_worker"}}, {"model": "auth.permission", "pk": 78, "fields": {"name": "Can change worker", "content_type": 20, "codename": "change_worker"}}, {"model": "auth.permission", "pk": 79, "fields": {"name": "Can delete worker", "content_type": 20, "codename": "delete_worker"}}, {"model": "auth.permission", "pk": 80, "fields": {"name": "Can view worker", "content_type": 20, "codename": "view_worker"}}, {"model": "auth.permission", "pk": 81, "fields": {"name": "Can add stock", "content_type": 21, "codename": "add_stock"}}, {"model": "auth.permission", "pk": 82, "fields": {"name": "Can change stock", "content_type": 21, "codename": "change_stock"}}, {"model": "auth.permission", "pk": 83, "fields": {"name": "Can delete stock", "content_type": 21, "codename": "delete_stock"}}, {"model": "auth.permission", "pk": 84, "fields": {"name": "Can view stock", "content_type": 21, "codename": "view_stock"}}, {"model": "auth.permission", "pk": 85, "fields": {"name": "Can add stock position", "content_type": 22, "codename": "add_stockposition"}}, {"model": "auth.permission", "pk": 86, "fields": {"name": "Can change stock position", "content_type": 22, "codename": "change_stockposition"}}, {"model": "auth.permission", "pk": 87, "fields": {"name": "Can delete stock position", "content_type": 22, "codename": "delete_stockposition"}}, {"model": "auth.permission", "pk": 88, "fields": {"name": "Can view stock position", "content_type": 22, "codename": "view_stockposition"}}, {"model": "contenttypes.contenttype", "pk": 1, "fields": {"app_label": "accounts", "model": "user"}}, {"model": "contenttypes.contenttype", "pk": 2, "fields": {"app_label": "admin", "model": "logentry"}}, {"model": "contenttypes.contenttype", "pk": 3, "fields": {"app_label": "auth", "model": "permission"}}, {"model": "contenttypes.contenttype", "pk": 4, "fields": {"app_label": "auth", "model": "group"}}, {"model": "contenttypes.contenttype", "pk": 5, "fields": {"app_label": "contenttypes", "model": "contenttype"}}, {"model": "contenttypes.contenttype", "pk": 6, "fields": {"app_label": "sessions", "model": "session"}}, {"model": "contenttypes.contenttype", "pk": 7, "fields": {"app_label": "products", "model": "category"}}, {"model": "contenttypes.contenttype", "pk": 8, "fields": {"app_label": "products", "model": "manufacturer"}}, {"model": "contenttypes.contenttype", "pk": 9, "fields": {"app_label": "products", "model": "product"}}, {"model": "contenttypes.contenttype", "pk": 10, "fields": {"app_label": "images", "model": "image"}}, {"model": "contenttypes.contenttype", "pk": 11, "fields": {"app_label": "notes", "model": "contractor"}}, {"model": "contenttypes.contenttype", "pk": 12, "fields": {"app_label": "notes", "model": "note"}}, {"model": "contenttypes.contenttype", "pk": 13, "fields": {"app_label": "notes", "model": "store"}}, {"model": "contenttypes.contenttype", "pk": 14, "fields": {"app_label": "notes", "model": "shop"}}, {"model": "contenttypes.contenttype", "pk": 15, "fields": {"app_label": "notes", "model": "noteposition"}}, {"model": "contenttypes.contenttype", "pk": 16, "fields": {"app_label": "bills", "model": "advanceinvoice"}}, {"model": "contenttypes.contenttype", "pk": 17, "fields": {"app_label": "bills", "model": "invoice"}}, {"model": "contenttypes.contenttype", "pk": 18, "fields": {"app_label": "bills", "model": "receipt"}}, {"model": "contenttypes.contenttype", "pk": 19, "fields": {"app_label": "bills", "model": "payment"}}, {"model": "contenttypes.contenttype", "pk": 20, "fields": {"app_label": "workers", "model": "worker"}}, {"model": "contenttypes.contenttype", "pk": 21, "fields": {"app_label": "stock", "model": "stock"}}, {"model": "contenttypes.contenttype", "pk": 22, "fields": {"app_label": "stock", "model": "stockposition"}}, {"model": "sessions.session", "pk": "vn123eh6iik50jircz2442bznjpe6kk6", "fields": {"session_data": ".eJxVjMsOwiAQRf-FtSHDoxRduu83kBlgpGogKe3K-O_apAvd3nPOfYmA21rC1vMS5iQuYhCn340wPnLdQbpjvTUZW12XmeSuyIN2ObWUn9fD_Tso2Mu3VgAKR9Tsk2al0GZzJhzsyOAxRYjRGauVMhEM-EzImpwhBGZI2jnx_gDhbDf9:1lMwEq:v0ePts_KFwyPc_Xj_JT8FvUcgkUXYsKi_INZw7tib00", "expire_date": "2021-04-01T17:15:12.630Z"}}, {"model": "products.manufacturer", "pk": 1, "fields": {"name": "Lipton"}}, {"model": "products.manufacturer", "pk": 2, "fields": {"name": "Herbapol"}}, {"model": "products.manufacturer", "pk": 3, "fields": {"name": "Tetley"}}, {"model": "products.category", "pk": 1, "fields": {"name": "Grocery"}}, {"model": "products.product", "pk": 1, "fields": {"name": "Black Tea Lipton", "group": "B", "code": "XYZ123", "batch_number": "03.2021", "unit": "pc.", "purchase_price": "7.00", "sales_price_net": "10.10", "tax_rate": 23, "best_before_date": "2022-03-01", "description": "Delicious black tea", "created": "2021-03-18T17:14:06.357Z", "updated": "2021-03-18T17:14:06.357Z", "manufacturer": 1, "category": 1}}, {"model": "products.product", "pk": 2, "fields": {"name": "Red Tea Lipton", "group": "B", "code": "XYZ234", "batch_number": "03.2021", "unit": "pc.", "purchase_price": "11.00", "sales_price_net": "15.10", "tax_rate": 23, "best_before_date": "2022-03-01", "description": "Delicious red tea", "created": "2021-03-18T17:14:06.363Z", "updated": "2021-03-18T17:14:06.364Z", "manufacturer": 1, "category": 1}}, {"model": "products.product", "pk": 3, "fields": {"name": "Fruit Tea Herbapol", "group": "B", "code": "XYZ345", "batch_number": "02.2021", "unit": "pc.", "purchase_price": "2.10", "sales_price_net": "5.00", "tax_rate": 23, "best_before_date": "2022-02-01", "description": "Delicious fruit tea", "created": "2021-03-18T17:14:06.370Z", "updated": "2021-03-18T17:14:06.370Z", "manufacturer": 2, "category": 1}}, {"model": "products.product", "pk": 4, "fields": {"name": "Earl Grey Tea Tetley", "group": "B", "code": "XYZ456", "batch_number": "01.2021", "unit": "pc.", "purchase_price": "4.10", "sales_price_net": "6.00", "tax_rate": 23, "best_before_date": "2022-01-01", "description": "Delicious earl grey tea", "created": "2021-03-18T17:14:06.377Z", "updated": "2021-03-18T17:14:06.377Z", "manufacturer": 3, "category": 1}}, {"model": "notes.store", "pk": 1, "fields": {"name": "Store-Warsaw-01", "address": "Sasanki 10", "postal_code": "06-852", "city": "Warsaw", "stock": 1}}, {"model": "notes.store", "pk": 2, "fields": {"name": "Store-Warsaw-02", "address": "Niezapominajki 15", "postal_code": "03-798", "city": "Warsaw", "stock": 2}}, {"model": "notes.store", "pk": 3, "fields": {"name": "Store-Poznan-01", "address": "Konwaliowa 15", "postal_code": "04-132", "city": "Poznan", "stock": 3}}, {"model": "notes.shop", "pk": 1, "fields": {"name": "Shop-Warsaw-01", "address": "Sosnowa 15", "postal_code": "04-101", "city": "Warsaw", "stock": 4}}, {"model": "notes.shop", "pk": 2, "fields": {"name": "Shop-Warsaw-02", "address": "Akacjowa 20", "postal_code": "04-115", "city": "Warsaw", "stock": 5}}, {"model": "notes.shop", "pk": 3, "fields": {"name": "Shop-Poznan-01", "address": "Grabowa 8", "postal_code": "04-228", "city": "Poznan", "stock": 6}}, {"model": "notes.shop", "pk": 4, "fields": {"name": "Shop-Poznan-02", "address": "Lipowa 8", "postal_code": "05-466", "city": "Poznan", "stock": 7}}, {"model": "notes.contractor", "pk": 1, "fields": {"type": "client", "company_name": "", "address": "Mysia 8", "postal_code": "03-654", "city": "Warsaw", "user": 3}}, {"model": "notes.contractor", "pk": 2, "fields": {"type": "supplier", "company_name": "nowak-invest", "address": "Lisia 20", "postal_code": "06-312", "city": "Cracow", "user": 4}}, {"model": "notes.note", "pk": 1, "fields": {"type": "supply", "handover_type": "external", "number": "EXT-SUP-1", "created": "2021-03-18T17:14:06.525Z", "updated": "2021-03-18T17:14:06.599Z", "from_store": null, "from_shop": null, "from_contractor": 2, "to_store": 1, "to_shop": null, "to_contractor": null, "worker": 2, "value_net": "24200.00", "tax_value": "5566.00", "value_gross": "29766.00"}}, {"model": "notes.note", "pk": 2, "fields": {"type": "dispatch", "handover_type": "internal", "number": "INT-DIS-1", "created": "2021-03-18T17:14:06.532Z", "updated": "2021-03-18T17:14:06.532Z", "from_store": 1, "from_shop": null, "from_contractor": null, "to_store": null, "to_shop": 1, "to_contractor": null, "worker": 2, "value_net": "0.00", "tax_value": "0.00", "value_gross": "0.00"}}, {"model": "notes.note", "pk": 3, "fields": {"type": "dispatch", "handover_type": "external", "number": "EXT-DIS-1", "created": "2021-03-18T17:14:06.538Z", "updated": "2021-03-18T17:14:06.657Z", "from_store": null, "from_shop": 1, "from_contractor": null, "to_store": null, "to_shop": null, "to_contractor": 2, "worker": 1, "value_net": "95.70", "tax_value": "22.01", "value_gross": "117.71"}}, {"model": "notes.noteposition", "pk": 1, "fields": {"note": 1, "product": 1, "quantity": "1000.00", "price_net": "7.00", "tax_rate": 23, "discount_value": "0.00", "value_net": "7000.00", "tax_value": "1610.00", "value_gross": "8610.00"}}, {"model": "notes.noteposition", "pk": 2, "fields": {"note": 1, "product": 2, "quantity": "1000.00", "price_net": "11.00", "tax_rate": 23, "discount_value": "0.00", "value_net": "11000.00", "tax_value": "2530.00", "value_gross": "13530.00"}}, {"model": "notes.noteposition", "pk": 3, "fields": {"note": 1, "product": 3, "quantity": "1000.00", "price_net": "2.10", "tax_rate": 23, "discount_value": "0.00", "value_net": "2100.00", "tax_value": "483.00", "value_gross": "2583.00"}}, {"model": "notes.noteposition", "pk": 4, "fields": {"note": 1, "product": 4, "quantity": "1000.00", "price_net": "4.10", "tax_rate": 23, "discount_value": "0.00", "value_net": "4100.00", "tax_value": "943.00", "value_gross": "5043.00"}}, {"model": "notes.noteposition", "pk": 5, "fields": {"note": 2, "product": 1, "quantity": "500.00", "price_net": "0.00", "tax_rate": 0, "discount_value": "0.00", "value_net": "0.00", "tax_value": "0.00", "value_gross": "0.00"}}, {"model": "notes.noteposition", "pk": 6, "fields": {"note": 2, "product": 2, "quantity": "500.00", "price_net": "0.00", "tax_rate": 0, "discount_value": "0.00", "value_net": "0.00", "tax_value": "0.00", "value_gross": "0.00"}}, {"model": "notes.noteposition", "pk": 7, "fields": {"note": 2, "product": 3, "quantity": "500.00", "price_net": "0.00", "tax_rate": 0, "discount_value": "0.00", "value_net": "0.00", "tax_value": "0.00", "value_gross": "0.00"}}, {"model": "notes.noteposition", "pk": 8, "fields": {"note": 2, "product": 4, "quantity": "500.00", "price_net": "0.00", "tax_rate": 0, "discount_value": "0.00", "value_net": "0.00", "tax_value": "0.00", "value_gross": "0.00"}}, {"model": "notes.noteposition", "pk": 9, "fields": {"note": 3, "product": 1, "quantity": "2.00", "price_net": "10.10", "tax_rate": 23, "discount_value": "0.00", "value_net": "20.20", "tax_value": "4.65", "value_gross": "24.85"}}, {"model": "notes.noteposition", "pk": 10, "fields": {"note": 3, "product": 2, "quantity": "5.00", "price_net": "15.10", "tax_rate": 23, "discount_value": "0.00", "value_net": "75.50", "tax_value": "17.36", "value_gross": "92.86"}}, {"model": "workers.worker", "pk": 1, "fields": {"position": "seller", "user": 1}}, {"model": "workers.worker", "pk": 2, "fields": {"position": "storeman", "user": 2}}, {"model": "stock.stock", "pk": 1, "fields": {}}, {"model": "stock.stock", "pk": 2, "fields": {}}, {"model": "stock.stock", "pk": 3, "fields": {}}, {"model": "stock.stock", "pk": 4, "fields": {}}, {"model": "stock.stock", "pk": 5, "fields": {}}, {"model": "stock.stock", "pk": 6, "fields": {}}, {"model": "stock.stock", "pk": 7, "fields": {}}]